,도서명,저자,번역,출판사,정가,판매가격,출판일,소개
1,크리스토퍼 놀란 : 감독이 참여한 첫 공식 도서,"톰 숀, 크리스토퍼 놀란(영화감독) 저 ", 윤철희 역 , 제우미디어 ,"  33,000원 "," 29,700원", 2021.08.18,"  ""모호한 것을 명확하게 보여주고 싶다.""〈메멘토〉, 〈다크 나이트〉, 〈인셉션〉, 〈인터스텔라〉...꿈을 짓고, 시간을 직조해내는 '설계자'거장 크리스토퍼 놀란에게 직접 듣는 비밀자신이 골몰해온 다양한 '개념'을 가장 지적인 형태의 '영화'로 만들어 관객과 게임을 벌이는 감독 크리스토퍼..."
2,작은 아씨들,루이자 메이 알코트(소설가) 저 , 강미경 역 , 알에이치코리아 ,"  16,500원 "," 14,850원", 2020.02.12,"  150년 동안 사랑받은 고전, 『작은 아씨들』을 지금 다시 읽어야 하는 이유! “내가 남자가 아니라는 게 참을 수 없어.”라고 거침없이 외치는 소녀에서, “남자 때문에 서둘러 자유를 포기하고 싶지 않아.”라며 비혼을 선언을 하고 글쓰기에 몰두하는 한 여성이 되기까지...."
3,고백,미나토 가나에(소설가) 저 , 김선영 역 , 비채 ,"  12,770원 "," 11,500원", 2018.08.23,"  열세 살 살인자, 그보다 더 어린 희생자... 그리고 어느 여교사의 충격적인 고백!충격적인 범죄와 복수를 사실적으로 묘사한 미나토 가나에의 작품『고백』. 사고로 딸을 잃은 여교사가 학생들 앞에서 충격적인 이야기를..."
4,82년생 김지영,조남주(소설가) 저 ,, 민음사 ,"  13,000원 ",, 2016.10.14,"  공포, 피로, 당황, 놀람, 혼란, 좌절의 연속에 대한 한국 여자의 인생 현장 보고서!문학성과 다양성, 참신성을 기치로 한국문학의 미래를 이끌어 갈 신예들의 작품을 엄선한 「오늘의 젊은 작가」의 열세 번째 작품 『82년생 김지영』. 서민들의 일상 속 비극을 사실적이면서 공감대 높은 스토리로..."
5,라플라스의 마녀,히가시노 게이고(작가) 저 , 양윤옥(번역가) 역 , 현대문학 ,"  14,800원 "," 13,300원", 2016.01.11,"  인류의 미지의 영역에 도전한 히가시노 게이고의 80번째 작품!히가시노 게이고 작가 데뷔 30주년 기념작 『라플라스의 마녀』. 그동안 치밀한 트릭과 반전이 빛나는 본격 추리소설부터 우리 시대의 문제점을 파고든 사회파 작품, 서스펜스, 판타지, SF에 이르기까지 다양한 장르를 오가며..."
6,인어가 잠든 집,히가시노 게이고(작가) 저 , 김난주(번역가) 역 , 재인 ,"  17,800원 "," 16,020원", 2019.02.28,"  지금 이 아이의 가슴에 칼을 꽂는다면, 그래서 아이의 심장이 멈춘다면, 딸을 죽인 사람은 저입니까?‘인간이란 무엇이며 삶과 죽음, 사랑의 정의는 무엇인가’라는 난제에 도전한 히가시노 게이고의 휴먼 미스터리 『인어가 잠든 집』. 히가시노 게이고의 작가 데뷔 30주년을 기념해 2015년에..."
7,[큰글자도서] 위대하고 위험한 약 이야기,정진호 저 ,, 푸른숲 ,"  30,000원 "," 27,000원", 2021.10.06,"  건강과 행복을 위해 무엇을 믿고, 무엇을 믿지 말아야 할까? 세계적 독성학자 정진호 교수가 들려주는 약의 모든 것 진시황은 영원한 젊음을 꿈꿨다. 불로장생약에 병적으로 집착했던 그는 불로초를 구하러 간 서복이 돌아오지 않자 대신 수은이 들어간 탕약을 먹었다. 독성이..."
8,고 녀석 맛있겠다,미야니시 타츠야(동화작가) 저 , 백승인 역 , 달리 ,"  11,000원 "," 9,900원", 2004.06.10,"  육식공룡 아빠와 초식공룡 아기의 유쾌한 동거!육식공룡 아빠와 초식공룡 아기가 만들어가는 낭만적인 사랑이야기를 담은 그림책. 화산이 쿵쿵쿵 터지는 아주 먼 옛날, 아기 초식공룡 한 마리가 알에서 깨어납니다. 그런데..."
9,로또9단 1등 분석기법(큰글씨도서),로또9단(온라인콘텐츠창작자) 저 ,, 푸른e미디어 ,"  19,800원 "," 17,820원", 2021.01.20,"  과학적 분석으로 로또 1등에 도전한다! 『로또9단 1등 분석기법』의 모든 내용은 유튜브 [로또9단]에서 로또 분석가로 3년을 활동하며 실전에서 검증한 내용들이다. 2020년 6~11월까지 6개월의 짧은 기간 동안에만 2등 5명, 3등 70명을 배출시켰던 확실히 검증된 실전 분석기법이므로 끝까지 읽은..."
10,[큰글자도서] 어린이라는 세계,김소영 저 ,, 사계절 ,"  27,000원 "," 24,300원", 2021.09.10,"  어린이에 대해 생각할수록 우리의 세계는 넓어진다 어린이는 잘 보이지 않는다. 몸이 작아서이기도 하고, 목소리가 작아서이기도 하다. 양육이나 교육, 돌봄을 맡고 있는 사람이 아니라면 우리 곁에 어린이가 ‘있다’는 사실을 의식하지 못한 채 살아가기 쉽다. 10년 남짓 어린이책..."
11,내 아이를 위한 사랑의 기술,"존 가트맨(심리학자), 남은영 저 ",, 한국경제신문 ,"  13,000원 "," 11,700원", 2007.04.15,"  “얘야, 행복하니?”자녀 교육의 신개념 ‘감정코치’ MBC 스페셜 <내 아이를 위한 사랑의 기술> 원작 도서, 드디어 한국어판 출간!... 인터넷 홈페이지에서 관련 도서로 추천한 책은 금세 주요 대형 서점 베스트셀러로 진입했고, 저자의 원작 도서 문의도 급증했다. MBC 스페셜 2부작 <내..."
12,해를 품은 달 2,정은궐(소설가) 저 ,, 파란미디어 ,"  13,000원 "," 11,700원", 2011.10.18,"  사랑과 권력을 되찾기 위해 가혹한 운명에 맞선 왕!조선 시대 가상의 왕과 액받이 무녀의 애절한 사랑을 그린 역사 로맨스 소설 『해를 품은 달』 제2권. <성균관 유생들의 나날>, <규장각 각신들의 나날>의 작가..."
13,해를 품은 달 1,정은궐(소설가) 저 ,, 파란미디어 ,"  13,000원 "," 11,700원", 2011.10.18,"  사랑과 권력을 되찾기 위해 가혹한 운명에 맞선 왕!조선 시대 가상의 왕과 액받이 무녀의 애절한 사랑을 그린 역사 로맨스 소설 『해를 품은 달』 제1권. <성균관 유생들의 나날>, <규장각 각신들의 나날>의 작가..."
14,사도의 8일 (큰글자도서),조성기 저 ,, 한길사 ," 28,000원",, 2021.09.30,  문학을 통해 다시 한 번 새로운 시선으로 사도세자를 만나다!오랫동안 아버지 영조에게 버림받은 광인으로 기억된 사도세자를 깊이 있는 통찰과 역사적 사실을 바탕으로 더욱 입체적인 인물로 재탄생시킨 『사도의 8일』. 사도세자와 혜경궁 홍씨의 관점에서 돌아본 뒤주 8일간의 기록을 담은...
15,[큰글자도서] 나의 첫 투자 수업 1 : 마인드편,"김정환, 김이안 저 ",, 트러스트북스 ," 34,000원",, 2021.09.10,"  한국인이 가장 사랑하는 주식 멘토 1위, 누적조회수 3천5백만을 기록한 화제의 명강의! 유튜브 채널 개설 5개월 만에 구독자 45만 돌파, 주린이들의 절대적 지지를 받고 있는 대한민국 대표 가치 투자자 슈퍼개미 김정환 대표가 하나뿐인 딸에게 그동안 비밀리에 들려주었던..."
16,[큰글자도서] 당신이 잘되면 좋겠습니다,김민섭 저 ,, 창비교육 ,"  28,000원 "," 25,200원", 2021.09.15,"  김민섭 씨가 김민섭 씨를 찾습니다! 세상에 지친 당신을 위로하는 작고 선량한 재치 체험에서 오는 진솔함, 필체가 주는 따뜻함, 사회적 고찰이 주는 깨달음을 고루 갖춘 작가 김민섭이 신간 『당신이 잘되면 좋겠습니다』를 출간했다. 자신과 비슷한 처지에 놓인 누군가를 위해 벌인..."
17,한나 아렌트의 생각 (큰글자도서),김선욱 저 ,, 한길사 ," 25,000원",, 2021.09.30,  『한나 아렌트의 생각: 오늘 우리에게 한나 아렌트는 무엇을 말하는가』는 정치사상가 한나 아렌트의 사상을 하고 우리 정치 현실에 적용한다. 저자 김선욱은 아렌트를 ‘정치철학자’가 아닌 ‘정치사상가’로 한다. 아렌트가 정치를 ‘진리의 영역’이 아닌 ‘의견의 영역’이라고...
18,[큰글자도서] 언어력,이도영 저 ,, 창비교육 ,"  23,000원 "," 20,700원", 2021.09.15,"  “왜 그때 제대로 말하지 못했을까?” “쓸수록 너덜너덜해지는 내 글은 뭐가 문제일까?” 보고와 회의가 일상인 직장인이라면, 내 의견을 말과 글로 전달하는 직종에 있는 사람이라면 가슴에 찌릿하게 와닿는 말들이다. 말과 글을 늘어놓을수록 꼬여만 가는 당신에게 필요한 것은 무엇일까?..."
19,[큰글자도서] 나의 첫 투자 수업 2 : 투자편,"김정환, 김이안 저 ",, 트러스트북스 ," 34,000원",, 2021.09.10,"  한국인이 가장 사랑하는 주식 멘토 1위, 누적조회수 3천5백만을 기록한 화제의 명강의! 유튜브 채널 개설 5개월 만에 구독자 45만 돌파, 주린이들의 절대적 지지를 받고 있는 대한민국 대표 가치 투자자 슈퍼개미 김정환 대표가 하나뿐인 딸에게 그동안 비밀리에 들려주었던..."
20,시원찮은 그녀를 위한 육성방법 1,마루토 후미아키 글 , 미사키 쿠레히토 그림 , 디앤씨미디어 ,"  6,800원 "," 6,120원", 2014.09.10,"  [시원찮은 그녀를 위한 육성방법] 제1권. 이것은 나, 아키 토모야가 그다지 눈에 띄지 않는 한 소녀를 히로인에 걸맞은 캐릭터로 프로듀스하면서, 그녀를 모델로 한 미소녀 게임을 제작하는 과정을 그린 감동적인 이야..."
21,[큰글자도서] 끝까지 남겨두는 그 마음,나태주(시인) 저 ,, 북로그컴퍼니 ,"  36,000원 "," 32,400원", 2021.07.28,  큰글자도서 리더스원의 큰글자도서는 글자가 작아 독서에 어려움을 겪는 모든 분들에게 편안한 독서 환경을 제공함으로써 책 읽기의 즐거움을 되찾아 드리고자 합니다.책 “당신이 나의 시를 읽고 필사할 때나의 인생 또한 당신에게 알은체 손을 내밀 것입니다.”* * * * *풀꽃 시인...
22,유리가면 47,미우치 스즈에(만화가) 저 , 서수진 역 , 대원씨아이 ,"  4,500원 "," 4,050원", 2011.12.15,  SUZUE MIUCHI의 만화 『유리가면』 제47권. 저자 특유의 기발한 상상력과 뜨거운 열정이 만들어낸 초대형 드라마 만화다. 운명처럼 연기에 이끌리는 소녀 '마야'와 그녀의 라이벌 소녀 '아유미'의 집념과 열정이 연극...
23,슈퍼차이나,"김영철(PD), KBS 슈퍼차이나 제작팀 저 ",, 가나출판사 ,"  17,000원 "," 15,300원", 2015.04.30,"  세계가 주목하는 차이나 파워의 실체를 파헤치다!『슈퍼차이나』는 KBS 특별기획 다큐멘터리 《슈퍼 차이나》를 단행본으로 엮은 책으로, 슈퍼파워로 떠오른 중국의 부상을 인구, 기업, 경제, 군사, 땅, 문화, 공산당이라는 다양한 프레임을 통해 속속들이 보여준다. 이 책은 전 세계에 막대한..."
24,2021 추천도서목록,학교도서관저널 도서추천위원회 저 ,, 학교도서관저널 ,"  30,000원 "," 27,000원", 2021.02.26,"  좁힐 수 있게 하는 방편으로 북큐레이션을 고민하는 선생님들을 위해, 17가지 주제에 따른 책들을 어린이 청소년 분야로 나누어 안내한다. 이와 함께 교육 현장의 교사와 사서, 도서전문가, 활동가 등으로 이뤄진 학교도서관저널 추천위에서 선정한 390여 권의 추천도서와 서평을 한다."
25,유리가면 48,미우치 스즈에(만화가) 저 , 서수진 역 , 대원씨아이 ,"  4,500원 "," 4,050원", 2012.06.11,  세대를 잇는 순정만화계의 레전드!! 홍천녀를 향한 마야의 불굴의 열정!국내에서는 문고판과 애장판으로 발행된 바 있는 [유리가면]이 가장 기본판형으로 발행된다. 현지에서 [유리가면]이 연재를 재개하여 다시 붐을...
26,시원찮은 그녀를 위한 육성방법 2,마루토 후미아키 글 , 미사키 쿠레히토 그림 , 디앤씨미디어 ,"  6,800원 "," 6,120원", 2014.10.10,"  1권 이것은 나, 아키 토모야가 그다지 눈에 띄지 않는 한 소녀를 히로인에 걸맞은 캐릭터로 프로듀스하면서, 그녀를 모델로 한 미소녀 게임을 제작하는 과정을 그린 감동적인 이야─ “아앙? 할 줄 아는 건 하나도 없으면서..."
27,도쿄 구울 4,Sui Ishida 저 , 강동욱 역 , 대원씨아이 ,"  4,800원 "," 4,320원", 2014.02.28,"  SUI ISHIDA의 만화『도쿄 구울』제4권. '구울 수사관'과의 일전을 마치고 세상의 어둠을 들여다본 카네키. 인간과 구울, 저마다의 목소리로 술렁거리는 '안테이크'에 '미식가' 구울 츠키야마가 나타난다. 미지의 맛을..."
28,[큰글자도서] 너만 모르는 그리움,나태주(시인) 저 ,, 북로그컴퍼니 ,"  36,000원 "," 32,400원", 2021.07.28,"  큰글자도서 리더스원의 큰글자도서는 글자가 작아 독서에 어려움을 겪는 모든 분들에게 편안한 독서 환경을 제공함으로써 책 읽기의 즐거움을 되찾아 드리고자 합니다.책 나태주 등단 50주년 기념 필사시집!* * * * *신작 포함 미공개 시 30여 편 수록, 필사하기 좋은 100편의 시!나태주 등단..."
29,초등 교과수업 연계도서,"김임숙, 경기도학교도서관사서협의회 저 ",, 북스북스 ,"  18,000원 "," 16,200원", 2021.03.15,"  ‘2021교과수업 연계도서’ 활용에 앞서 1. 이용대상 학교도서관 사서교사 및 공공도서관 사서, 교사, 학부모, 초등학생이 활용할 수 있습니다. 2. 표준교재 및 학년별 과목 선정 연구 교재는 국정교과서와 검정교과서를 대상으로 하였습니다. 국정교과서는 전국초등학교에 공통으로..."
30,[큰글자도서] 확신,"롭 무어 지음, 이진원 저 ", 이진원 역 , 다산북스 ,"  36,000원 "," 32,400원", 2021.08.16,  큰글자도서 리더스원의 큰글자도서는 글자가 작아 독서에 어려움을 겪는 모든 분들에게 편안한 독서 환경을 제공함으로써 책 읽기의 즐거움을 되찾아 드리고자 합니다.책 “부자가 되려면 돈을 좇지 말고 자신의 가치를 따르라!”파산한 청년을 자수성가 백만장자로 만든 결정적 마음의...
31,은혼 42,소라치 히데아키(만화가) 저 , 설은미 역 , 학산문화사 ,"  4,500원 "," 4,050원", 2012.05.25,"  일본 누계부수 4,000만 부 돌파의 초대형 화제작으로 유쾌통쾌한 SF 코미디물. 무대는 에도로 20년 전에 우주에서 온 '천인'의 대두와 폐도령으로 크게 번성했던 사무라이는 쇠퇴 일로에 있다. 그런 시대에 자신이 믿는..."
32,시원찮은 그녀를 위한 육성방법 3,마루토 후미아키 글 , 미사키 쿠레히토 그림 , 디앤씨미디어 ,"  6,800원 "," 6,120원", 2014.12.10,"  카토의 헤어스타일 체인지 때문에 혼란에 빠지고 만 서클 멤버들. 게다가 다른 서클에서 에리리를 스카우트해가려고 하는데?! 비밀스러운 마음을 가슴에 담은 채, 여름(코믹마켓)이 시작된다."
33,82년생 김지영,조남주(소설가) 저 ,, 민음사 ,"  15,000원 "," 13,500원", 2018.07.16,"  작고, 가볍고, 젖지 않는 워터프루프북으로 만나는 소설!「쏜살 문고」에 「오늘의 젊은 작가」의 소설을 담아 여름 해변이나 수영장뿐만 아니라 따뜻한 욕조 안, 비 내리는 카페의 테라스, 어디서든지 마음 놓고 독서를 즐길 수 있도록 만든 워터프루프북이다. 일반적인 종이와는 달리 나무가..."
34,암살교실 5,Yusei Matsui 저 , 서현아 역 , 학산문화사 ,"  5,500원 "," 4,950원", 2013.10.22,"  현재 일본 만화계의 화두는 단연 암살교실이다. 마인탐정 네우로의 작가 마츠이 유세이의 차기작으로 전작을 뛰어넘는 인기를 구사하고 있다. 특히 원피스, 나루토, 블리치, 은혼 등이 연재되는 주간 소년점프에서 연재가..."
35,[큰글자도서] 처음 읽는 정치철학사,"그레임 개러드.제임스 버나드 머피 지음, 김세정 저 ", 김세정 역 , 다산초당(다산북스) ,"  36,000원 "," 32,400원", 2021.08.16,  큰글자도서 리더스원의 큰글자도서는 글자가 작아 독서에 어려움을 겪는 모든 분들에게 편안한 독서 환경을 제공함으로써 책 읽기의 즐거움을 되찾아 드리고자 합니다.책 세상을 바라보는 힘을 길러줄 30가지 위대한 생각들!기원전부터 21세기에 이르기까지 방대한 정치철학사를 총...
36,"그해, 여름 손님",안드레 애치먼(작가) 저 , 정지현 역 , 잔 ," 8,700원",, 2019.03.18,"  내 눈의 빛, 세상의 빛, 내 인생의 빛 같은 사람!90회 아카데미 각색상 수상작 《콜 미 바이 유어 네임(CALL ME BY YOUR NAME)》의 원작 소설 『그해, 여름 손님』. 파이팅 어워드 수상자 안드레 애치먼이 감각적인 언어로 피아노 연주와 책이 삶의 전부인 열일곱 소년 엘리오와 스물넷의 미국인 철학교수..."
37,만인의 인문학(큰글자도서)(리더스 원),도정일(대학교수) 저 ,, 다산북스 ," 34,000원",, 2021.08.16,"  큰글자도서 리더스원의 큰글자도서는 글자가 작아 독서에 어려움을 겪는 모든 분들에게 편안한 독서 환경을 제공함으로써 책 읽기의 즐거움을 되찾아 드리고자 합니다.책 사물과 현상을 새롭게 해석하고 기존 지식의 틀을 넘는 상상력을 가진 인문학자,도정일이 펼쳐내는 ‘삶의 예술..."
38,독립군이 된 류타 (큰글자도서),유행두 저 ,, 키다리 ,"  30,000원 "," 27,000원", 2021.05.28,  꿈꾸는 문학 시리즈 11권. 압제의 서슬이 퍼런 일제강점기 그리고 신분제는 사라졌으나 여전히 신분의 덫이 사회에 깊게 드리웠던 시대. 백정 아버지의 탁월한 사업수완으로 신분 세탁을 하고 일본인 부잣집 도련님으로 살아가는 류타는 행복했을까? 씻을 수 없는 상처로 범벅된 세월을 뒤로 하고...
39,은혼 26,소라치 히데아키(만화가) 저 , 설은미 역 , 학산문화사 ,"  4,200원 "," 4,050원", 2009.03.15,"  일본 누계부수 4,000만 부 돌파의 초대형 화제작으로 유쾌통쾌한 SF 코미디물. 무대는 에도로 20년 전에 우주에서 온 '천인'의 대두와 폐도령으로 크게 번성했던 사무라이는 쇠퇴 일로에 있다. 그런 시대에 자신이 믿는..."
40,어린이를 위한 인기 과학 도서 세트,봄봄 스토리 글 , 이정태 외 1명 그림 , 아이세움 ,"  19,800원 "," 17,820원", 2018.01.05,"  미국 시카고의 엔사이클로피디어 브리태니커 사에서 펴낸 <Britannica Learning Library>를 바탕으로 우리나라 초등학생이 꼭 알아야 하는 교과 내용을 종합해 학습의 체계를 구성한 책이다. 인문 사회, 자연 과학의 구분 없이 주제와 관련된 총체적 지식을 다루도록 구성하여, 인문학적..."
41,공자의 마지막 공부 (큰글자도서),김승호(작가) 저 ,, 다산초당(다산북스) ,"  33,000원 "," 29,700원", 2021.01.15,  “왜 공자는 주역을 읽고 수명의 짧음을 한탄했는가?” 세계 최초로 주역 64괘에 대한 정밀한 풀이와 공자의 해석이 담긴 X파일을 지금 공개한다!가죽끈이 세 번 끊어지도록 주역을 탐독했다는 공자. 건위천에서 화수미제까지 주역 64괘에 대해 공자는 어떤 해석을 남겼는가? 미래와 운명은 정해져...
42,채우지 않아도 삶에 스며드는 축복 (큰글자도서),정애리(탤런트) 저 ,, 놀(다산북스) ," 36,000원",, 2021.04.30,"  “괜찮아요, 그래도 여기까지 왔잖아요.” 오랫동안 함께해 온 소중한 사람들에게 꼭 선물하고 싶은 책 “송태근(삼일교회 담임목사)” “양호승(월드비전 회장)” “정해인(배우)” 추천! 반세기에 가까운 시간, 대한민국 방송사에 자신의 존재를 뚜렷하게 남긴 배우 정애리. 다년간의 연기 활동이..."
43,유리가면 5,미우치 스즈에(만화가) 저 , 해외단행본팀 역 , 대원씨아이 ,"  4,500원 "," 4,050원", 2010.04.30,"  『유리가면』제5권. 스스로 선택한 연극의 길을 열정적으로 헤쳐나가는 주인공 마야. 그녀가 맡은 주연, 조연, 악한 역, 선한 역 등이 만들어내는 인간군상이 더욱 드라마틱하게 전개된다. 제5권의 이야기는 내일의 풀(1)..."
44,빨간 코트를 입은 남자 (큰글자도서),줄리언 반스(소설가) 저 , 정영목 역 , 다산책방 ,"  39,000원 "," 35,100원", 2021.04.30,"  “프랑스 역사상 가장 정열적이고 자유로웠던 영혼, 줄리언 반스가 발굴해낸 ‘숨겨진 보물’ 사뮈엘 포치”“종횡무진 이야기들을 엮어나가는데 솜씨가 정말 대단하다. 보석 같은 책!” _역자 정영목 *** 맨부커상 수상 줄리언 반스의 최신작 *** *** 독일 아마존 1위 *** *** 2019 더프 쿠퍼상..."
45,철벽선생 10,코다 모모코 저 ,, 학산문화사 ,"  4,500원 "," 4,050원", 2018.09.25,  고백 7연패 중인 사마루 아유하가 만난 사람은 초특급 꽃미남이지만 엄청나게 폭군인 배배 꼬인 교사. 하지만 (아주 미묘하게) 상냥한 구석도 있어서 아유하의 마음은 부쩍부쩍 연애모드로 돌입한다. 난공불락의 히로미츠...
46,이덕일의 한국통사 3 (큰글자도서),이덕일(작가) 저 ,, 다산초당(다산북스) ,"  35,000원 "," 31,500원", 2020.01.20,  큰글자도서  다산북스 큰글자도서는 글자가 작아 독서에 어려움을 겪는 모든 분들에게 편안한 독서 환경을 제공함으로써 책 읽기의 즐거움을 되찾아 드리고자 합니다.
47,당신이 숨기고 있는 것들 (큰글자도서),정도언 저 ,, 지와인 ,"  38,000원 "," 34,200원", 2021.07.10,  30여 년 동안 마음의 세계를 탐구해온 정신분석가의 단단한 지혜와 깊은 조언! 서울대 명예교수이자 국내 최초의 국제정신분석가 정도언이 말하는 인생의 판을 바꾸는 무의식의 힘! “가장 어두운 곳에 삶의 에너지가 숨어 있다” 인간이 가지고 있는 가장 강력한...
48,왕들의 부부싸움 (큰글자도서),이성주 저 ,, 애플북스 ,"  33,000원 "," 29,700원", 2021.05.28,"  조선을 만나는 또 다른 시선 최고 권력 앞에서 그들은 부부인가, 동반자인가조선시대 왕과 왕비의 부부생활은 평탄하기만 했을까? 왕이라는 최고 권력자와 그의 반려자 사이에는 어떤 관계가 형성되어 있을까? 《조선왕조실록》이라는 공식 기록 속에서 이들의 부부생활을 찾는 건 어렵지 않았다...."
49,외규장각 도서의 비밀 2,조완선 저 ,, 휴먼앤북스 ,"  9,500원 "," 8,550원", 2008.06.02,"  조완선 장편소설『외규장각 도서의 비밀』제2권. 전설로만 전해지는... 외규장각 도서를 둘러싼 음모와 연쇄살인사건을 팩션으로 재구성하였다.... 모든 도서를 약탈해간다. 그리고 세월이 흐른 현재의 어느 날, 외규장각..."
50,외규장각 도서의 비밀 1,조완선 저 ,, 휴먼앤북스 ,"  9,500원 "," 8,550원", 2008.06.02,"  조완선 장편소설『외규장각 도서의 비밀』제1권. 전설로만 전해지는... 외규장각 도서를 둘러싼 음모와 연쇄살인사건을 팩션으로 재구성하였다.... 모든 도서를 약탈해간다. 그리고 세월이 흐른 현재의 어느 날, 외규장각..."
51,한우리 독서문화운동본부 선정도서 초등 고학년 세트 - 전10권,"원유순 지음, 백승민 저 ",, 아이앤북(I&BOOK) ,"  107,000원 "," 96,300원", 2021.06.21,"  하이퐁 세탁소글 원유순 그림 백승민 웅이는 베트남 엄마를 둔 것만으로 아이들의 놀림감이 되고, 말을 더듬는다는 이유로 장애인 취급을 당하며 놀림을 당했다. 이 동화는 다문화가정의 아이들을 바라보는 아이들과..."
52,소원나무 청소년 추천도서 세트 - 전4권,김선희 저 ,, 소원나무 ,"  52,000원 "," 46,800원", 2020.02.10,"  ‘소원나무 청소년 추천도서’는 청소년이 ‘지금’ 겪고 있는 청소년 문제를 음지에서 양지로 이끌어 내기 위해 시작되었습니다. 《세븐 블라인드》, 《달콤한 알》, 《1의 들러리》, 《어항에 사는 소년》을 포함한 4권의 청소년 소설로 구성된 해당 청소년 추천도서 세트는 폭력, 도박..."
53,계룡 선녀전 3,돌배(만화가) 저 ,, 위즈덤하우스 ,"  12,000원 "," 10,800원", 2018.07.05,  2017 오늘의 우리만화상 수상 작가 화제작! 돌배 작가의 감성 자극 판타지로맨스 『계룡선녀전』 전5권 완간! 품위 있는 상상력으로 고전 설화를 재해석하다! 2017년 3월부터 2018년 3월까지 네이버 웹툰에서 인기리에...
54,유리가면 44,미우치 스즈에(만화가) 저 , 서수진 역 , 대원씨아이 ,"  4,500원 "," 4,050원", 2011.08.23,  SUZUE MIUCHI의 만화 『유리가면』 제44권. '홍천녀'의 시연을 앞두고 연습에 매진하는 아유미. 어느 날 갑자기 연습실에 모습을 드러낸 츠기카게 치구사 앞에서 두 사람은 각자의 홍천녀를 연기한다. 연기가 끝난 후...
55,해빗 (큰글자도서),"웬디 우드 지음, 김윤재 저 ", 김윤재 역 , 다산북스 ,"  35,000원 "," 31,500원", 2020.10.16,"  많은 사람이 목표를 달성하기 위해 고통과 맞서며 치열하게 산다. 살을 빼기 위해 삼시세끼를 굶고, 시험에 통과하기 위해 밤을 새워 공부하고, 새벽에 달리기 위해 졸린 눈을 부비며 억지로 일어난다. 사람들은 입술을 앙다문 채 반복적으로 ‘버티는 삶’을 택한다. 과연 이렇게 처절하고 힘겹게..."
56,조선 4대 여성시인 (큰글자도서),"허난설헌, 황진이 외 2명 저 ",, 뮤즈(MUSE) ," 15,000원",, 2021.05.20,"  이 책을 통해 조선 시대 여류시인들의 뛰어난 언어와 문장을 맛볼 수 있기를 기대한다. 이와 더불어 사회적, 역사적 한계에도 불구하고, 여류시인들이 추구했던 사랑과 아픔, 한 등을 함께 공감할 수 있기를 기대한다."
57,코로나 팬데믹과 한국의 길 (큰글자도서),"황정아, 백영경 외 8명 저 ",, 창비 ,"  28,000원 "," 25,200원", 2021.03.20,  재난의 한국적 돌파는 어떻게 가능한가 팬데믹의 한해를 돌아보며 한국사회에 묻는다 코로나19라는 전무후무한 위기가 전세계를 덮친 지난 1년 동안 수많은 코로나19 관련 논의와 전망이 쏟아졌다. 세계가 끊임없이 바이러스와 분투하고 있는 지금까지도 ‘K-방역’을 둘러싼...
58,침입자들 (큰글자도서),정혁용 저 ,, 다산책방 ,"  30,000원 "," 27,000원", 2020.10.16,"  “띵동! 택배가 도착하는 순간, 당신의 평범했던 일상이 뒤틀리기 시작한다!” 현실보다 더 현실 같은 팽팽한 긴장감, 한국형 하드보일드 소설의 탄생 그는 우리가 하루에 몇 번씩 마주치는 평범한 택배기사다. 활동하기 편한 등산복을 입고, 카트를 끌며, 엘리베이터보다 빠르게 계단을 오르내리는..."
59,아무도 무릎 꿇지 않은 밤 (큰글자도서),목수정 저 ,, 생각정원 ," 32,000원",, 2021.01.20,"목차  파리도서전에서 만난 북 소믈리에 3──끝나지 않는 부조리극 이 시대의 녹두장군, 한상균 세상의 모든 파업을 지지한다 우리가 복원해야 할 가치는 무엇인가 세월호 유족 파리 방문 중 생긴 일들 내가 뽑은 올해의 인물, 유민 아빠..."
60,철학 콘서트 1 (큰글자도서),"황광우 지음, 김동연 저 ",, 생각정원 ," 30,000원",, 2021.01.20,  30만 독자들이 선택한 철학 멘토 황광우의 『철학 콘서트』 11년 만에 출간하는 개정증보판! 네티즌 선정 올해의 책 한국간행물 윤리위원회 추천도서 2006년 『철학 콘서트1』을 시작으로 30만 독자들의 사랑을 받아온 『철학 콘서트』 시리즈가 11년 만에...
61,내 마음은 충전중(큰글자도서)(리더스 원),김근하 저 ,, 서사원 ,"  28,000원 "," 25,200원", 2020.06.30,  “당신의 마음은 안녕하신가요?” 소소한 일로 상처받는 그대에게 권하는 일상 속 마음 회복법살아가면서 사람에게 또는 관계에서 상처받고 오랫동안 그 상태에 머물러 있어서 더 힘들고 지치곤 합니다. 이 책은 그렇게 힘들고 우울한 상황에서 쉽게 벗어나지 못하는 사람들에게 좀 더 빨리...
62,명탐정 코난: 에피소드 원,아오야마 고쇼(만화가) 저 ,, 서울문화사 ,"  12,900원 "," 11,600원", 2018.11.25,"  ★TV 애니메이션 방송 20주년 기념 스페셜 애니메이션의 필름 코믹북!! 쿠도 신이치가 작아진 그날, 그때, 등장인물들의 사이에 도대체 무슨 일이 있었던 걸까? 트로피컬 랜드에서 데이트를 즐기던 신이치와 란은 제트코스터 살인사건에 휘말린다. 용의자는 검은 옷 입은 남자 두 명을 포함한 다섯..."
63,주마등 임종 연구소 (큰글자도서),박문영 저 ,, 창비 ,"  20,000원 "," 18,000원", 2021.03.05,"  “사람은 원하는 방식으로 죽을 수 있어. 그래서 여기 왔잖아.” SF어워드 대상 수상 작가 박문영이 초대하는 세계 원하는 시공간에서 암호를 말하면 당신의 임종이 시작된다 2015년 SF어워드 중·단편소설 부문 대상, 2019년 SF어워드 장편소설 부문 우수상을 수상한 작가..."
64,추천도서목록(2020),학교도서관저널 도서추천위원회 저 ,, 학교도서관저널 ,"  30,000원 "," 27,000원", 2020.02.26,"  교육 현장의 교사, 사서, 도서전문가, 활동가 등으로 이뤄진 학교도서관저널 도서추천위원(이하 ‘추천위’)들은 매달 새로 나오는 책들을 꼼꼼히 살펴보며 어린이와 청소년이 읽어볼 만한 책을 선정하여 한다. 추천도서 선정은 어린이·청소년 네 분야씩 총 여덟 분과에서 분야별 특성을..."
65,"인문학, 기호학을 말하다 (큰글자도서)",송효섭 저 ,, 이숲 ," 25,000원",, 2020.10.20,"  인문학 위기의 원인을 인문학적 소통방식의 부재에서 찾은 저자는 이에 대한 효과적인 해결책으로 기호학을 제시한다. 지난 수십 년간 대학에서 기호학을 가르치고 여러 편의 저서를 저술한 저자는 이 책에서 일반인에게 다소 생소할 수 있는 기호학의 기본 개념과 용어들, 그리고 대표적인..."
66,만세열전 (큰글자도서),조한성 저 ,, 생각정원 ," 36,000원",, 2021.01.20,"  [3?1운동 100주년 기념작] 열아홉 살 소년부터 농민과 노동자, 순사보까지 역사의 스포트라이트 뒤에 있던 3·1운동의 숨은 주역들을 만나다! “오늘의 우리에게 ‘촛불’이 있다면, 100년 전 우리에겐 ‘만세’가 있었다.” - 서중석, 성균관대학교 사학과 명예교수..."
67,일주일간 친구 7,하즈키 맛차 저 ,, 대원씨아이 ,"  5,000원 "," 4,500원", 2016.01.15,  하즈키 맛차 만화 『일주일간 친구』제7권. 후지미야와 쿠조의 과거 그리고 후지미야의 기억에 문제를 일으킨 사건에 대해 알게 된 하세는 후지미야의 행복을 위해 자신이 어떻게 해야 할지 마음을 정한다. 한편...
68,가해자는 울지 않는다 (큰글자도서),성실 저 ,, 다른 ,"  25,000원 "," 22,500원", 2021.01.11,"  “그랬다, 수아를 그곳으로 불러낸 건 우리였다.” 학교 폭력에 삼켜진 아이들의 이야기 학교 폭력 실태를 눈앞에서 보듯 생생하게 그려낸 성실 작가의 청소년소설 『가해자는 울지 않는다』가 출간되었다. 작가는 학교 폭력을 다룰 때 가장 주목하는 인물인 ‘가해자’와..."
69,나이에 대한 도도하고 발칙한 상상(큰글자도서)(리더스 원),베브 윌리암스 저 , 김희정 역 , 틔움출판 ,"  25,000원 "," 22,500원", 2020.06.30,"  “당신은 와인과 참 닮았어. 시간이 흐를수록 더 사랑스러워 지거든!”이 책은 영국의 유명 그림 작가인 베브 윌리암스(BEB WILLIAMS)가 나이(AGE)와 건강, 음식, 와인 등과 관련된 세계 유명 인사들의 재치 넘치는 말들을 인용하여 재미있는 그림과 함께 한 책입니다. 화려하고 재미있는 그림과..."
70,와인수첩 (큰글자도서) (컬러판),이정윤 저 ,, 우듬지 ," 22,000원",, 2021.04.19,"  다양한 상황과 분위기에 어울리는 80가지 와인!80가지 상황에 어울리는 와인을 골라 하는 와인 가이드 북『와인 수첩』. 와인을 마시기 시작한 초보자부터 와인을 즐기는 마니아까지, 와인을 사랑하는 모든 사람들을 위한 책이다. 식음료에 대한 정보를 한눈에 볼 수 있게 구성한「구르메..."
71,저고리 시스터즈 (큰글자도서),김미승 저 ,, 다른 ,"  25,000원 "," 22,500원", 2021.01.11,"  식민지 조선의 두 소녀가 하나의 꿈을 좇는 여정 시로 등단하여 두 권의 시집을 낸 뒤, 첫 청소년 소설 『세상에 없는 아이?(한국출판문화산업진흥원 우수 콘텐츠 제작 지원 선정작)을 펴낸 김미승 작가의 두 번째 청소년 소설이자 역사 소설이다. 『저고리 시스터즈?는 일제 강점기..."
72,"Green Eco, 자연에서 찾은 노년의 행복 (큰글자도서)",김열규(전)대학교수) 저 ,, 이숲 ," 34,000원",, 2020.10.20,"  우리 모두 자연으로 돌아가야 한다 은퇴 후 고향인 경남 고성으로 돌아간 저자가 15년째 산과 바다를 벗해 살면서 새삼 깨닫게 된 자연의 의미와 생태적 삶의 지혜를 글로 옮겼다. 저자는 위기에 처한 자연을 회복하고, 우리도 몸만 자연으로 돌아갈 것이 아니라 마음도 자연에 순응하는 삶을 살자고..."
73,계룡 선녀전 2,돌배(만화가) 저 ,, 위즈덤하우스 ,"  12,000원 "," 10,800원", 2017.11.13,  2017년 3월부터 네이버 웹툰에서 인기리에 연재 중인 돌배 작가의 감성 자극 판타지로맨스『계룡선녀전』 2권. 고전 설화 선녀와 나무꾼을 품위 있는 상상력과 세련된 감수성으로 현대로 옮겨 독자의 감성을 자극한다....
74,철벽선생 2,코다 모모코 저 ,, 학산문화사 ,"  4,500원 "," 4,050원", 2016.08.25,  『철벽선생』제2권. 히로미츠 선생님의 매몰찬 태도에도 굴하지 않고 꿋꿋하게 짝사랑을 지켜 가는 아유하에게 선생님은 「그렇게까지 말한다면 제 마음을 빼앗아 봐요.」라며 도발!! 혹시 이건 가능성이 있는 건가...
75,"고전, 대중문화를 엿보다 (큰글자도서)","오세정, 조현우 저 ",, 이숲 ,"  33,000원 "," 29,700원", 2020.10.20,"  한국의 고전 12편을 새로운 시각으로 살펴봄으로써 영화, 드라마, 만화, 애니메이션, 게임 등 대중문화의 영역에서 고전 콘텐츠가 어떻게 활용되고 재탄생되었는가를 알아본다. 지금까지 우리가 주로 인식해 왔던 판에박힌 고전 해석에서 벗어나 신선한 해석을 보여주는 두 명의 젊은 인문학자는..."
76,택시 소년 (큰글자도서),"데보라 엘리스 지음, 윤정숙 저 ", 윤정숙 역 , 천개의바람 ,"  22,000원 "," 19,800원", 2020.05.29,"  열두 살 소년 디에고는 코차밤바의 산세바스티안 감옥에 산다. 아빠와 엄마가 코카인을 만들었다는 누명을 쓰고 감옥에 갇혔기 때문이다. 하지만 볼리비아의 감옥은 죄수를 가두기만 할 뿐, 모든 걸 스스로 일해서 구해야 한다. 엄마는 뜨개질을 하고, 디에고는 그것들을 내다 팔면서 다른 죄수들의..."
77,위기관리 시스템 혁명 (큰글자도서),최성(전)기초단체장) 저 ,, 다산초당(다산북스) ,"  33,000원 "," 29,700원", 2020.02.28,  최성 교수의 날카로운 분석과 대담한 통찰 당신이 놓쳐서는 안 될 단 하나의 위기관리 바이블! “국내 최초 위기관리 시스템 박사논문 출간!”왜 해군은 북한 잠수정을 새떼로 보고했는가? 2010년 3월 26일 백령도 근처 해상에서 대한민국 해군 초계함인 천안함이 격침되어 침몰했고 대한민국 해군...
78,홍보가 아니라 소통입니다. 2(큰글자도서),정혜승 저 ,, 미디어창비 ,"  20,000원 "," 18,000원", 2020.07.20,"  국민청원을 만든 전 청와대 디지털소통센터장이 전하는 ‘구독’과 ‘좋아요’의 시대 소통 전략국민청원을 만든 전 청와대 디지털소통센터장 정혜승의 『홍보가 아니라 소통입니다』가 출간되었다. 신문사 기자에서 인터넷 포털의 대외협력 책임자, 청와대 디지털소통센터장까지 올드미디어와..."
79,공주의 남자 1,"김정민, 조정주(드라마작가) 외 2명 저 ",, 페이퍼스토리 ,"  12,000원 "," 10,800원", 2011.08.30,"  KBS 특별기획 드라마 [공주의 남자]를 소설로 만난다. 왕이 되고자 하는 열망에 들뜬 수양대군이 대신(大臣) 김종서를 무참히 살해한 사건. 이른바 계유정난을 새로운 시각, 즉 '관련자들의 2세'라는 전혀 다른 각도에서..."
80,일주일간 친구 2,하즈키 맛차 저 ,, 대원씨아이 ,"  5,000원 "," 4,500원", 2015.05.15,  하즈키 맛차의 만화 『일주일간 친구』 제2권. 친구의 존재를 일주일만 지나면 잊어버리는 후지미야 카오리와 친해진 하세 유키. 수없이 많은 일주일을 반복하며 둘의 우정은 깊어만 간다. 그러던 중 우연한 오해로 두...
81,활자 안에서 유영하기 (큰글자도서),김겨울(작가) 저 ,, 초록비책공방 ,"  30,000원 "," 27,000원", 2020.10.15,"  북튜버 [겨울서점]이 들려주는 인생 책 이야기 책은 읽은 이의 몸 구석구석에 남아 생명을 유지한다! 유튜브 [겨울서점] 채널에서 책에 관한 다양한 이야기를 하고 있는 북튜버 김겨울의 두 번째 책이다. 그의 첫 책 『독서의 기쁨』이 책의 물성부터 시작하여 책을 고르는 법, 독서법, 독서환경..."
82,[IT & Future Strategy 2020-8] 2020년 NIA가 선정한 미래사회 전망 ICT 해외도서 10選,김영은 저 ,, 한국정보화진흥원 , 무료,, 2020.12.30,"  '2020년 NIA가 선정한 미래사회 전망 ICT 해외도서 10選'은'디지털 대전환기, 급변하는 사회 환경과 자기결정권의 중요성'을 주제로 미래사회 전망을 다룬 ICT 해외？도서 총 10권의 도서를 선정하여 기술에 따른 미래사회 변화를 살펴보고, 분야별 전문가 서평과 함께 기술의 활용에 대한..."
83,제왕들의 사생활 (큰글자도서),"윌리엄 제이콥 쿠피 지음, 남기철 저 ", 남기철 역 , 이숲 ,"  30,000원 "," 27,000원", 2020.10.20,"  ‘인간’으로서의 제왕들에 주목한 유쾌한 역사서편집증적인 정확성으로 엄청난 양의 사료를 조사하면서도 당대 최고의 유머를 구사했던 저자가 풍자와 박학을 앞세워 꼼꼼하게 살펴본 역대 제왕들의 이야기. 쿠푸, 클레오파트라 등 이집트의 파라오에서부터 페리클레스 네로 등 그리스·로마의..."
84,아무것도 안 해도 아무렇지 않구나 (큰글자도서),김신회(작가) 저 ,, 놀(다산북스) ," 28,000원",, 2020.01.03,  《보노보노처럼 살다니 다행이야》 이후 출간한 김신회 저자의 신작 에세이 『아무것도 안 해도 아무렇지 않구나(큰글자도서)』는 ‘나에게 관대해지는 법’에 대한 책이다. 그 누구보다 나에게 야박했던 과거를 반성하고 기댈 데 없는 나를 제대로 돌보는 법을 하나씩 실행해나가는 시행착오...
85,Horrid Henry Storybook Set (도서 23권+MP3CD 3장),Francesca Simon 저 ,, Orion ,"  230,000원 "," 115,000원", 2017.02.21,  <도서구성> HORRID HENRY HORRID HENRY AND THE SECRET CLUB HORRID HENRY GETS RICH QUICK HORRID HENRY AND THE BOGEY BABYSITTER HORRID HENRY'S FOOTBALL FIEND HORRID HENRY´S UNDERPANTS HORRID HENRY MEETS THE QUEEN HORRID HENRY ROBS THE BANK HORRID HENRY...
86,왕자 이우 (큰글자도서),김종광(소설가) 저 ,, 다산책방 ,"  33,000원 "," 29,700원", 2020.02.28,  이 책은 최고의 이야기꾼 김종광 소설가의 첫 역사소설이다.
87,우울한데 꽃은 피고 도서 + 북퍼퓸 30ml,자화상 편집부 저 ,, 자화상 ,"  41,800원 "," 26,900원", 2020.10.29,목차  작가의 말 1장 오늘도 고생했어. 그 마음 지키느라 외로운 날에는 라디오 마음 건강 가지런한 마음으로 떠나지 못하는 이유 여전히 성장하는 어른 부디 선한 사람이기를 내일은 오늘보다 괜찮을 거야 새해 다짐 다섯 가지 같은 사람이 되지 말자 마음 비우는 버튼 그래도 아름다운 청춘 행운과...
88,내일 말할 진실 (큰글자도서),정은숙 저 ,, 창비 ,"  25,000원 "," 22,500원", 2020.03.25,"  “볼품없고 초라해도 진실의 편에 서고 싶어.” 누구도 결백할 수 없는 십 대 시절, 치열한 오늘을 통과하는 우리들의 이야기 정은숙 소설집 『내일 말할 진실』이 출간되었다. 작가 정은숙은 반전의 묘미와 추리 기법이 돋보이는 흥미진진한 작품들을 꾸준히 발표하며..."
89,품위 있는 삶 (큰글자도서),정소현 저 ,, 창비 ,"  25,000원 "," 22,500원", 2020.03.25,"  “그 알지도 못하는 것 때문에 도대체 난 인생을 얼마나 허비한 거냐.” 삶과 죽음이 펼치는 아름답고 차가운 그림자극, 오래 기다려온 정소현 소설의 품위 있는 귀환 삶의 어둡고 적나라한 민낯을 진정성 있는 태도로 대면해온 작가 정소현이 첫 소설집 이후 7년 만에 신작..."
90,2020 도서판매 리포트,교보문고 저 ,, 교보문고 , 무료,, 2021.01.05,목차  도서판매 동향 2. 종합 베스트 / 주요 분야 이슈 3. eBook 시장의 변화 Ⅱ. 2020년 이슈 1. Post Corona 2. 2030세대의 재테크 열풍 3. 뉴노멀 중년의 등장 Ⅲ. 출판계 New Normal 1. Streaming life 2. 인지도보다 ‘공감’ 3. BTS셀러 4. 슬기로운...
91,인간의 모든 죽음 (큰글자도서),최현석 저 ,, 서해문집 ,"  40,000원 "," 36,000원", 2020.09.15,  리더스원의 큰글자도서는 글자가 작아 독서에 어려움을 겪는 모든 분들에게 편안한 독서 환경을 제공함으로써 책 읽기의 즐거움을 되찾아 드리고자 합니다.
92,무인도서 해양주권 강화와 이용 활성화를 위한 제도 개선방안(수시연구 2020- 04),정지호 저 ,, 한국해양수산개발원 ," 15,000원",, 2020.12.31,  ▶ 이 책은 한국해양수산개발원의 무인도서 해양주권 강화와 이용 활성화를 위한 제도 개선방안을 다룬 정부간행물입니다.
93,"제자백가, 인간을 말하다 (큰글자도서)",임건순 저 ,, 서해문집 ,"  38,000원 "," 34,200원", 2020.09.15,"  최초로 인성론을 펼친 묵자부터 인간을 새롭게 발견한 혁명가 공자까지 ‘인간 본성’에 대한 네버엔딩 스토리 인간이란 무엇인가? : ‘인간 본성’이라는 창을 통해 제자백가 다시 읽기 제자백가의 달인, 젊은 동양철학자 임건순의 신작. 『제자백가, 공동체를 말하다』의..."
94,Every Day,데이비드 리비선 저 ,, RandomHouseChildrensBooks ,"  12,000원 "," 8,510원", 2013.09.10,"  THE NEW YORK TIMES BESTSELLING LOVE STORY SOON TO BE A MAJOR MOTION PICTURE!A는 매일 아침 다른 사람 몸에서 깨어난다. 나이는 항상 똑같다. 같은 사람이 두 번 되진 않는다. 어떤 모습이든, 늘 똑같은 A다! 그리고 매일..."
95,숨 쉬는 것들의 역사 (큰글자도서),이지유 저 ,, 창비 ,"  25,000원 "," 22,500원", 2019.08.01,"  ‘지구에 생명은 어떻게 생겨났을까?’ 단세포부터 사람까지, 한 권으로 이해하는 생물 진화의 수수께끼! 지구에 나타난 첫 생명체는 어떤 모습이었을까? 단세포는 어떻게 복잡한 동식물이 되었을까? 인류의 조상은 어떤 동물일까? 생물의 탄생과 진화 과정을 친절하게 짚어 주는..."
96,은혼 24,소라치 히데아키(만화가) 저 , 설은미 역 , 학산문화사 ,"  4,200원 "," 4,050원", 2008.12.25,  펜팔을 희망하는 편지가 들어 있는 작은 병(미녀 사진 부착)을 주운 신파치. 하지만 그 사진에는 어떤 비밀이…. 게다가 신파치가 쓴 답장에도 긴토키 씨 & 신센구미 3인이 첨삭을 시작하는데?! 한편 사다하루의 건강...
97,데미안이 청소년 권장도서인 이유,김기범 저 ,, 큐니버시티 , 900원,, 2019.09.27,"  논문 초록 데미안을 읽고 난 뒤 데미안에 청소년 권장 도서와는 어울리지 않는 소재, 신성모독, 방탕아의 생활, 친구의 엄마를 사랑하는 주인공... 그러한 이유로, “데미안은 왜 청소년 권장 도서인가?”라는 주제로 논문을 쓰게 되었다. 첫 번째로는 데미안에 나오는 오해를 살만한 내용을..."
98,은혼 35,소라치 히데아키(만화가) 저 , 설은미 역 , 학산문화사 ,"  4,200원 "," 4,050원", 2011.04.21,"  일본 누계부수 4,000만 부 돌파의 초대형 화제작으로 유쾌통쾌한 SF 코미디물. 무대는 에도로 20년 전에 우주에서 온 '천인'의 대두와 폐도령으로 크게 번성했던 사무라이는 쇠퇴 일로에 있다. 그런 시대에 자신이 믿는..."
99,학교도서관사서협의회 추천도서,김임숙 저 ,, 북스북스 ,"  9,000원 "," 8,100원", 2019.03.05,"  경기도학교도서관사서협의회는 2006년부터 추천도서목록을 발간하고 있습니다. 본 자료집은 2018년도에 우리나라에서 발행한 도서를 기준으로 유아, 저학년,고학년, 전학년, 학부모·일반, 단계별로 구분하여 목록을 선정하였습니다. 하지만 독서능력은 아이들마다 다르기 때문에 초등학생이..."
100,은혼 22,소라치 히데아키(만화가) 저 , 설은미 역 , 학산문화사 ,"  4,200원 "," 4,050원", 2008.05.25,"  일본 누계부수 4,000만 부 돌파의 초대형 화제작으로 유쾌통쾌한 SF 코미디물. 무대는 에도로 20년 전에 우주에서 온 '천인'의 대두와 폐도령으로 크게 번성했던 사무라이는 쇠퇴 일로에 있다. 그런 시대에 자신이 믿는..."
101,은혼 18,소라치 히데아키(만화가) 저 , 설은미 역 , 학산문화사 ,"  4,500원 "," 4,050원", 2007.08.25,"  『은혼』시리즈 제18권. 본 작품은 지구에 '천인'이라는 우주에서 온 생물이 오게 되면서, 사무라이들의 칼을 모두 가져간다. 하지만 그런 와중에 검을 지킨 자가 있었으니, 그의 이름은 사카타 긴토키. 작가는 정의를..."
102,대교 눈높이창의독서 선정도서 세트,박신식 글 , 김순호 그림 , 꿈소담이 ,"  44,600원 "," 40,140원", 2018.05.16,"  눈높이창의독서’가 선정한 꿈소담이 아동 도서! 눈높이창의독서는 대교의 독서교육 프로그램으로... 좋은 도서만을 엄선하여 아이들에게 제공하고 있으며, 선정된 도서는 학부모들의 자녀 교육에도 활용되고 있습니다...."
103,"세책, 도서 대여의 역사",이민희(대학교수) 저 ,, 커뮤니케이션북스 ," 9,800원 7,060원",, 2017.09.20,"  이는 일반 독자가 출현해 만들어 낸 독서사의 진보이자 동서양 공동의 보편적 문화유산이다. 『세책, 도서 대여의 역사』에서는 국가별 다양한 사례를 통해 당대의 흥행 코드이자 문화 상품이었던 세책 도서와 그 세계의 다양한 풍경을 만날 수 있다."
104,은혼 17,소라치 히데아키(만화가) 저 , 설은미 역 , 학산문화사 ,"  4,200원 "," 4,050원", 2011.04.10,"  일본 누계부수 4,000만 부 돌파의 초대형 화제작으로 유쾌통쾌한 SF 코미디물. 무대는 에도로 20년 전에 우주에서 온 '천인'의 대두와 폐도령으로 크게 번성했던 사무라이는 쇠퇴 일로에 있다. 그런 시대에 자신이 믿는..."
105,은혼 23,소라치 히데아키(만화가) 저 ,, 학산문화사 ,"  4,200원 "," 4,050원", 2008.06.15,"  『은혼』시리즈 제23권. 본 작품은 지구에 '천인'이라는 우주에서 온 생물이 오게 되면서, 사무라이들의 칼을 모두 가져간다. 하지만 그런 와중에 검을 지킨 자가 있었으니, 그의 이름은 사카타 긴토키. 작가는 정의를..."
106,왕을 위한 홀로그램,데이브 에거스 저 ,, 문학동네 ,"  14,500원 "," 13,000원", 2018.02.23,"  뉴욕 문학계의 가장 힙한 작가, 데이브 에거스의 장편소설『왕을 위한 홀로그램』. 아내와는 이혼 소송 막바지에 접어들었고, 딸의 대학 등록금 마련이 걱정인 54세의 앨런. 한때는 잘나가는 비즈니스맨이었지만 이제는 상사에게 치이고 젊은 직원들에게 밀리는 처지다. 여전히 고전적인 영업..."
107,어린왕자 초판본 양장도서 + 어린왕자 룸스프레이 50ml 세트,편집부 저 ,, 북엔 ,"  37,800원 "," 18,900원", 2019.04.12,  【어린 왕자 도서 룸스프레이 콜라보 상품세트】는 프랑스를 대표하는 사실주의 작가 앙투안 드 셍택쥐페리가 1943년에 발표한 작품인 《어린 왕자》 1943년 오리지널 초판본 도서와 시트러스 향으로 상큼하게 젖어들 것 같은 어린 왕자 룸스프레이를 함께 구성한 2종 세트입니다. 북엔만의...
108,에로틱 세계사 (큰글자도서),"난젠 & 피카드 저, 남기철 저 ", 남기철 역 , 오브제 ," 40,000원",, 2019.10.21,  “1만 년이나 된 성의 역사를 조망하다보면 얼굴이 붉어지면서 우리가 지금 도대체 어떤 세상과 시대에 살고 있는지 스스로에게 묻게 된다.” 『에로틱 세계사』는 고대부터 현대에 이르기까지 다양한 양상으로 변화되어 온 인류의 섹스 문화를 선명하게 복원시켜 우리 눈앞에 펼쳐 보이며 성의...
109,우아한 거짓말 (큰글자도서),김려령 저 ,, 미디어창비 ,"  23,000원 "," 20,700원", 2018.09.03,  ‘나’를 지키기 위한 우리들의 잔인한 거짓말…… 그리고 뜨거운 눈물 『우아한 거짓말』은 평범하게만 보이던 열네 살 소녀 천지가 어느 날 자신이 짠 털실에 목을 매 자살하는 사건에서 시작한다. 천지의 죽음을 이해할 수 없었던 언니 만지는 동생이 남긴 흔적을 좇으며 퍼즐을...
110,앤의 마고마고 도서랜드 2,히구치 타치바나(만화가) 저 ,, 대원씨아이 ,"  5,000원 "," 4,500원", 2016.08.15,  『앤의 마고마고 도서랜드』제2권. 선생님을 구하기 위해 마고파크로 달려간 앤은 마침내 마고와 대면?! ‘도서랜드에서 책 속 주인공과 같은 인생을 살라’ 며 건네받은 책은 바로 〈빨강머리 앤〉이었다?!
111,펌프킨 시저스 10,RYOTARO IWANAGA 저 , 설은미 역 , 학산문화사 ," 3,000원",, 2008.11.25,  말빈 씨는 벌집을 건드려본 적 있어요?'서방제국연맹'제국을 포함한 작은 국가들이 동쪽 강국에 대항하기 위해각각 지닌 물자와 기술을 서로 제공할 것을 약속한 운명공동체.그 합동회의가 제국 수도에서 개최될 날을 얼마...
112,내 이름은 패딩턴,마이클 본드 글 , 페기 포트넘 그림 , 파랑새 ,"  12,000원 "," 10,800원", 2014.12.15,  사랑스러운 패딩턴의 특별한 나날들!전 세계적으로 많은 사랑을 받아온 마이클 본드의 대표작 「패딩턴」 시리즈 『내 이름은 패딩턴』. 페루 깊은 숲 속에서부터 영국으로 머나먼 여행을 온 꼬마 곰이 펼치는 일상의...
113,(에약도서)GROUNDLESS 9,影待 螢太 저 ,, 雙葉社 ,"  10,010원 "," 9,400원", 2020.08.11,  책 상세정보가 없습니다.
114,허준 소설 선집 (큰글자도서),허준 저 ,, 미디어창비 ,"  19,000원 "," 17,100원", 2018.09.01,  20세기 한국근대문학의 정수(精髓)를 큰글자도서로 만난다! 한국 대표소설 선집(큰글자도서) 총 25권 출간 한국소설을 빛낸 42명의... 근대문학의 핵심 작품을 만난다 20세기 한국 근대문학을 총결산하는 ‘한국 대표소설 선집’(큰글자도서)이 출간되었다. 신채호...
115,초등학교 교과별 추천도서로 만든 독서토론 가이드북,"임영규, 최근화 외 3명 저 ",, 정인출판사 ,"  7,000원 "," 6,300원", 2009.07.11,"  우리나라도 교육과학기술부에서 ‘학교 도서관 활성화 종합 방안’을 마련하여 매년 도서관 신축 및 리모델링 사업 등을 통해 학교현장의... 이러한 하드웨어의 인프라가 구축된 후에는 학생의 발달 단계에 알맞은 좋은 책을 학교 도서관에서 많이 확보해야하며, 그 책을 어떻게 읽게 할 것인가..."
116,김동인 현상윤 태화산인 소설 선집 (큰글자도서),김동인 저 ,, 미디어창비 ,"  19,000원 "," 17,100원", 2018.09.01,  20세기 한국근대문학의 정수(精髓)를 큰글자도서로 만난다! 한국 대표소설 선집(큰글자도서) 총 25권 출간 한국소설을 빛낸 42명의... 근대문학의 핵심 작품을 만난다 20세기 한국 근대문학을 총결산하는 ‘한국 대표소설 선집’(큰글자도서)이 출간되었다. 신채호...
117,최서해 소설 선집 (큰글자도서),최서해 저 ,, 미디어창비 ,"  19,000원 "," 17,100원", 2018.09.01,  20세기 한국근대문학의 정수(精髓)를 큰글자도서로 만난다! 한국 대표소설 선집(큰글자도서) 총 25권 출간 한국소설을 빛낸 42명의... 근대문학의 핵심 작품을 만난다 20세기 한국 근대문학을 총결산하는 ‘한국 대표소설 선집’(큰글자도서)이 출간되었다. 신채호...
118,"(에약도서)勇者,辭めます 4","クオンタム 원작, 風都 ノリ 저 ",, KADOKAWA ,"  9,860원 "," 8,250원", 2020.08.04,  책 상세정보가 없습니다.
119,"세책, 도서 대여의 역사",이민희 저 ,, 커뮤니케이션북스 ,"  20,000원 "," 19,600원", 2017.09.20,  이 책에서는 국가별 다양한 사례를 통해 당대의 흥행 코드이자 문화 상품이었던 세책 도서와 그 세계의 다양한 풍경을 만날 수 있다. 커뮤니케이션북스 큰글씨책은 약시나 노안으로 독서에 어려움을 겪는 독자를 위해 만든 책이다. 커뮤니케이션북스의 책은 모두 큰글씨책으로 제작된다.
120,펌프킨 시저스 6,RYOTARO IWANAGA 저 , 설은미 역 , 학산문화사 ,"  3,800원 "," 3,400원", 2007.03.15,  그 남자는 언젠가 그대가 모르는 곳에서-. 비밀로 한 '무도회 사건'. 그러나 사람 입에 자물쇠를 채울 수 없는 법이라 소문을 들은 민중 중에 과격한 반정부 운동에 투신하는 자가 늘기 시작했다. '빨간 모자'라는 활동...
121,저 하늘에도 슬픔이,이윤복 글 , 김세현(작가) 그림 , 산하 ,"  8,500원 "," 7,650원", 2004.04.20,"  가난한 환경 속에서도 정직한 마음을 잃지 않고 꿋꿋하게 살았던 소년가장의 이야기. 1964년 출간되어, 세..."
122,계용묵 현경준 유항림 소설 선집 (큰글자도서),"계용묵, 현경준 외 1명 저 ",, 미디어창비 ,"  19,000원 "," 17,100원", 2018.09.01,  20세기 한국근대문학의 정수(精髓)를 큰글자도서로 만난다! 한국 대표소설 선집(큰글자도서) 총 25권 출간 한국소설을 빛낸 42명의... 근대문학의 핵심 작품을 만난다 20세기 한국 근대문학을 총결산하는 ‘한국 대표소설 선집’(큰글자도서)이 출간되었다. 신채호...
123,일본 민속학자가 본 1930년대 서해도서 민속,에틱 박물관 저 , 최길성 역 , 민속원 ,"  8,500원 "," 7,650원", 2004.09.20,"  1930년대 일본인 민속학자, 인류학자들이 조사한 보고서 <조선다도해여행각서>를 주축으로 한 종합적인 민속 연구서. 우리나라 서해 도서 마을의 생활과 문화를 집중적으로 살펴보고 있다."
124,신채호 이익상 양건식 나혜석 소설 선집 (큰글자도서),신채호 저 ,, 미디어창비 ,"  19,000원 "," 17,100원", 2018.09.01,  20세기 한국근대문학의 정수(精髓)를 큰글자도서로 만난다! 한국 대표소설 선집(큰글자도서) 총 25권 출간 한국소설을 빛낸 42명의... 근대문학의 핵심 작품을 만난다 20세기 한국 근대문학을 총결산하는 ‘한국 대표소설 선집’(큰글자도서)이 출간되었다. 신채호...
125,권력과 검찰 (큰글자도서),"최강욱 지음, 김의겸 외 대담 저 ",, 미디어창비 ,"  23,000원 "," 20,700원", 2018.09.01,"  검찰개혁, 이번이 아니면 다음은 없다 아무도 성공하지 못한 단 하나의 개혁과제 온 국민의 관심이 ‘검찰개혁’에 쏠려 있다. 2017년 5월 새 정부가 들어선 뒤 조국 민정수석은 검찰개혁을 주요 국정과제로 제시하며 “빠른 시일 내에 검찰개혁을 마치겠다”라고 밝혔다. 검찰..."
